liuxing,https://www.youtube.com/results?search_query=liuxing
shishang,https://www.youtube.com/results?search_query=shishang
xuexi,https://www.youtube.com/results?search_query=xuexi
tiyu,https://www.youtube.com/results?search_query=tiyu
youxi,https://www.youtube.com/results?search_query=youxi
xinwen,https://www.youtube.com/results?search_query=xinwen
lvyou,https://www.youtube.com/results?search_query=lvyou
shuma,https://www.youtube.com/results?search_query=shuma
wudao,https://www.youtube.com/results?search_query=wudao
dongman,https://www.youtube.com/results?search_query=dongman
meishi,https://www.youtube.com/results?search_query=meishi
wangqiu,https://www.youtube.com/results?search_query=wangqiu
yumaoqiu,https://www.youtube.com/results?search_query=yumaoqiu
zuqiu,https://www.youtube.com/results?search_query=zuqiu
lanqiu,https://www.youtube.com/results?search_query=lanqiu
dianying,https://www.youtube.com/results?search_query=dianying