vid,itag,chunk
-6xgdZVDcNI,247/251,2118843/1770849/1227614/2296035/3610583/4051371/1738440/2727247/3052483/2853644/3918255/2714644/2453775/3553884/3736347/3201181/3340143/3135607/2952852/1127/1041/1276/2833713/2984406
01GCYVvJLRY,398/251,2057474/1552686/1399684/1168908/506256/721159/1039892/517348/413220/748640/1229780/704146/510961/429406/781385/779759/430677/845921/724953/1508367/1081886/961729/1002492/453640/220718/408416/683579/313728/510085/498680/394060/351356/336554/387187/541508/525369/541362/448731/337409/766439/390851/820948/189228/630624/220476/718675/305929/586512/413790/743276/437861/582170/370033/666915/527016/620672/683505/441155/718856/336011/560890/255860/594615/555805/526634/420300/379382/410365
0B3c1lYe5wY,398/251,1697282/505603/570228/414102/810179/1161975/237521/566326/325497/849154/335742/770910/743348/746309/592657/507765/561347/1026459/465814/857075/381670/857698/298371/870726/570506/203667/784855/472320/338687/203573/305917/74847/350944/71101/429696/348992/211735/296912/129114/378633/249683/375392/128095/450026/616196/342467/356958/168707/374178/235168/331195/251653/423904/234194/470238/495604/317704/219978/415718/563588/346199/387802/319155/313523/177489/290843/204498/345731/52751
0D6RjjrIClg,398/251,1769625/2046953/2536466/2393934/2240532/2652268/2164543/3206158/3103043/2179649/1605713/722838/335441/509426/597403/603630/560588/828658/799467/785382/634612/556418/666967/708870/744894/583698/860214/873587/808805/190355/781007/743177/773143/273472/751834/402808/512459/493080/380046/858041/506752/367131/293340/221165/502698
0M34iwQkYz4,398/251,1879942/4122308/3202982/2867624/2614301/1991174/2340900/2204194/2389057/3027038/2652714/2339873/2286738/2103370/2958498/3023935/2684219/2134468
0RmCt3w3oIs,398/251,3156502/763344/726456/914687/1293270/1120339/1110594/850760/1468400/1832451/782327/1327073/1693800/1664277/1650688/822625/811375/852237/513894/1542407/1816951/1717051/698008/2038679/940804/1611998/799169/688398/447100/820298/838078/682760/583607/987716/838256/633236/497037/869793/428717/777859/721811/656721/898335/897670/519878/1011097/831856/669530/635338/709587/1055878/727695/838819/1106445/639949/742004/897952/542327/692205/767749/280044/492512/617374/467401/469333/519850/441533/523110
1d8ly3Lp3Mo,247/251,2067503/510212/800273/467704/1145062/450423/1028771/917592/965118/795747/1108446/768613/1014527/886327/726955/815936/1091313/258407/810235/275330/681482/392474/528662/567409/1282831/315862/627154/948379/539828/652652/566647/457615/428373/473017/1054678/723845/746765/1191692/376393/601566/813294/859529/466952/775160/584923/695634/502712/1499192/1321866/1264771/744133/652787/1477820/589449/508882/1074540/853894/865453
2oPcgifcEb8,247/251,2951799/2768433/3158792/1366221/999953/528520/337974/485201/1361282/807652/798876/649353/775559/768394/835729/283846/1394244/1450312/1422968/1331740/2345613/2942174/3380076/2270083/3482748/1899069/2613784/2159232
2yQOFJk9dB4,398/251,2178816/2788453/2509228/2750604/2501828/2390927/1752438/1107329/1030427/619214/134118/564758/659820/516433/493643/136873/787066/2307399/2640797/2308222/2070629/2304184
31XOyv_JxJ0,247/251,1871593/1653980/1635642/1798419/1565187/2452821/3202499/2588907/3667070/2748743/3060314/2000986/2251036/2061490/628224/695727/440878/561885/438361/546563/492180/672716/390086/545052/437390/400806/533364/330842/550471/459481/635234/479686/553443/410876/646195
39gQb3Zu_EU,247/251,2040406/2482476/2031796/680793/482905/1186993/1472839/532562/1127180/917075/950407/1449371/721786/722638/586978/654045/675213/596995/755663/1305475/1619971/570170/458446/786831/423757/446445/453766/451786/755234/643901/680090/539899/752927/750538/660206/706919/470745/627130/578922/732440/738908/573109/996978/851220/847756/822887/648595/748680/528468/878374/854863/989956/1131098/926344/852906/644007/681158/692174/403387/706044/746607/790950/628563
3ZI0eMUroRo,398/251,4121858/3281069/3195233/4055315/2178742/961692/4195878/2848392/1650997/5072120/5073257/5301925/3609834/4486019/5234517/4699334/5108505/4293321/2871412/1216801/3054236
3ZuUDVSMld0,247/251,2667753/697549/1794832/1255946/1239719/449507/1288615/715776/1336294/1149632/1145376/1263766/761936/578573/1289995/1272195/1269968/656935/567581/1236586/1285677/1192841/1197279/1135188/675976/528977/700996/546407/704382/529897/580285/371822/678697/580477/669325/501151/684802/536943/665302/514935/655920/443763/615301/518152/639802/530324/675933/508957/642611/506988/569392/419483
4UIAt2qjRiw,398/251,2712971/619577/1690160/637109/1476363/963491/1845668/607193/1865966/1157371/1190924/602033/1610750/1151463/968210/776869/1681665/456160/661954/1399210/1254023/1099444/1109615/589074/1894162/975234/1246552/374782/1027992/1097940/511055/582828/189059/1152070/747434/637864/399658/1028784/837385/544351/952587/553481/567727/737828/843850/461139/669707/795779/592259/992480/1007533/680097/783478/1018644/743027/728511/952341/1040153
5GZa8dvfOo8,398/251,1368007/1611448/1578104/1459006/1080820/504575/217013/1006522/640954/719572/800498/351877/189458/347947/252856/343055/207151/256308/300594/439134/282410/274384/362524/317442/433813/313879/150478/300792/415793/352869/206803/345492/176016/325339/279928/460314/372963/133989/385900/395807/186518/329486/238853/310063/259882/316276/229692/265248/171521/163114/449330/185838/452307/251436/404276/466341/260431/499502/199943
6WLwGWjPG9A,136/251,4160486/4712314/4071137/4201717/3628139/5080122/4276895/4896780/4989971/4214631/4215805/5336111/5601376/3987089/2475610/6070851/4943494/4638553
76l6oQIrVUw,247/251,2263654/570426/1329230/790511/1184847/809023/1189116/1522419/2912651/3141067/2410103/2665912/3039349/2219008/2698746/1392257/988507/888961/447422/716104/488802/523266/456358/492175/369833/464050/454696/120550/445907/260232/505537/504922/833714/765427/969777/575844/869593/897939/679315/977671/717255/771459/642828/827732/537384/927548/742337/768305/725537/665926/578368/690850/487115/611627
8hUoJEiJPoM,247/251,2899198/698193/914875/801705/1181491/1160634/1227665/1180686/1330984/692000/797430/1276693/1146428/1004428/1054383/887181/956427/1505475/516885/417579/1127421/2559241/2182786/2659405/2886247/2159640/2276206/2000621/2036903/2685297/1126507/643962
9LEIsJrDnjU,398/251,2100268/408030/589876/117349/494054/383426/336092/435981/774074/521310/1416899/393245/665928/628658/1643084/1570027/500172/624083/422576/365707/958386/626436/405031/440906/525504/547736/442209/1010354/553371/480708/227593/458648/819420/854475/539035/459816/249722/248898/184033/373228/356503/655616/214927/210696/309057/272425/228712/399940/508456/481878/511550/313230/335630/524246/477277/557488/562703/225706/286655/498630/452067/81330/187000/189465/288047/309608/163400/364003/657491
9QEoHJyl6oA,398/251,2102843/349012/369530/1252149/558014/386507/393767/575177/723671/404845/619042/670096/438041/886557/935324/1067834/769314/950039/1234092/593322/650362/595839/450985/619143/923440/460994/366149/709982/480958/634494/538112/404157/607428/537983/493458/577303/546023/280578/526722/616646/638021/428201/383047/329028/724038/429224/501643/630828/348275/639179/463114/282643/514852/415398/617299/665200/431611/582076/482148/433282/513173/487963/521273/593069/361810/642339/538102/466898/549668
9RTJhpvp2QE,247/251,3802975/1172753/2178165/2198102/1169727/2075955/1034072/2144637/1178465/2265743/996167/2158722/1138994/2068506/1001410/2083994/1152326/2090277/948531/1969330/1139030/1363667/1284472/1932647/3405193/3219550/3408358/3102404/3329865/2653476/2356234/2186450/2219336
ackgYp1CYFY,247/251,2935012/761121/1174638/1004602/694029/715312/1498167/1673287/1098087/1045697/715372/838680/667102/1995569/767475/604994/887238/528035/666237/1395737/1031494/1192912/1634211/708109/560053/2885389/4280875/2770985/3383414/2642130/2361741/3357471/2541491/549895
AdH1EdNergg,247/251,2896841/927091/878499/1669913/723273/1505500/899992/1546668/1486467/687548/1719001/936329/1307769/726221/1704162/1134561/1048322/1663103/880343/1385337/651403/1543219/921656/745348/1479241/2383187/2308752/935172/724793/4053102/3829236
aH8t7eObhTE,247/251,3651637/2617539/2902219/2675045/1741974/1131252/791245/1192050/2196908/2134153/586299/1710626/1848466/3437815/3228596/2359634/2734193/2546052/2367791/1973291/2086175/2233398
AI7Oj7nS4Xw,247/251,2013010/1565137/604345/1059778/678774/2511157/667749/912827/1500337/487443/1320609/1413172/2104144/506935/2812474/696279/1453525/673651/645196/1833347/788382/2503096/1559227/881149/649363/1444127/1213927/628562/1490644/665678/765636/430769/2307469/1772241/968112/1660197/723045/1113352/554767/1279312/636131/1868589/1270152/475988/671841/443543
Ail8v05BYCI,398/251,2794343/898068/2149593/883224/1583163/854337/685758/664381/787065/1572174/547489/1062412/1178032/777544/1637397/810638/629683/1582629/1612757/1635326/1691589/1808641/1052243/1679592/592639/579858/776037/676292/838190/720444/593386/818854/346980/431170/573136/581555/600782/873018/802639/669611/692060/603828/651042/909324/788359/1019735/628322/836096/1098031/925551/995787/773361/848251/501692/877068/672780/697517/389733/690945/667875/707607/779705
AMxMZoGnPSQ,247/251,3093077/1095004/2024032/1568300/1760865/1613265/1786704/2202031/1089319/839411/1804095/1949034/1182796/2055668/1224966/683841/1638267/2120311/1049970/796681/1391866/953580/680292/814270/1210057/1139867/1006828/1013161/870286/893154/828510/1032288/979697/634338/1257391/943674/970244/1104535/939732/1122671/1023152/975990/743033/1012533/1184635/877074/905458/1110840/794598
annZQqFifIg,247/251,3317099/1986882/1690262/812157/1476244/1494155/651291/726107/1619923/871834/787483/845698/647082/378309/1988927/620756/1041788/1116234/595752/455018/766336/702445/630991/416101/754192/302064/613297/722518/433861/673353/305669/499521/536392/290794/428991/386497/299492/429036/223053/590445/833593/728530/739749/668671/456050/567635/762463/448342/669693/548740/520184/549715/609505/629637/625897/334907/363230/559753
aPMpM6ayziU,247/251,3091841/3667089/995617/289185/1329473/679057/1572140/731889/1570967/547746/204367/850124/558158/519665/1283845/763195/981686/880310/613053/1316719/948281/1565828/983193/974271/1022356/1016132/899529/1420412/1145238/2273874/1497181/2209719/2180755/1890126/2196268
AUsJPia297c,398/251,2431862/468065/673470/449293/1261739/1098000/759480/1995889/575342/802728/1803558/1256248/1014150/1503984/1048439/1516377/1041644/265916/366807/1229179/686327/953598/826854/578198/411659/555656/936547/507833/585292/261466/959006/1669176/1335431/1072554/1401633/1252671/2144410/1671052/1065840/1102612/827282/1240880/1091395/1163800/1422372/1413111/1906714/1671255/1051778
bJDVRdJeo2s,398/251,2024710/2124443/1915145/1129650/1313047/674966/275632/218482/1008795/600280/505308/720713/1550206/1062439/973847/1245017/1404573/527343/685928/701095/918662/2486335/1575605/426640/548003/318072/898366/654258/338564/517105/466782/653867/411924/330512/434746/843834/401276/369001/382314/411568/474520/979961/384906/377029/512018/631264/352052/850414/77655/556861/319188/531202
bOCli7pgO2c,398/251,3969981/3472824/1261196/917762/3281218/2243329/1817109/912886/1225596/622075/2649350/1602535/796402/1829544/907269/1815035/856847/714673/819522/554646/1321422/1100154/1086940/592909/948176/759790/1035989/457794/564013/400973/641695/1134109/585063/487260/298894/661478/1125417/553735/735449/881439/253655/479306/934751/448813/1102723/448016/861131/767208/777205/919262/711775/1062897/917773/980898/854829/634157/483573/735892/751487/530290/929483/787297/940614/845515
bSqH--QBMQY,398/251,1602864/134658/926191/998876/448760/329637/1091686/1009198/1049338/1091559/770971/378176/1042070/877444/98460/657919/274373/837131/209358/359628/513331/1547670/1336748/1221528/563361/349393/357283/625488/573327/276306/206284/168814/175367/254525/289162/60249/135610/489197/289408/383118/388470/711358/754080/731084/782441/413311/113019/299947/133559/163130/319034/416621/387774/453239/437740/496635/309322/328257/537967/254649/294953/560429/213771/302712
bu2g7C1ctXM,398/251,2891665/836515/835881/1275173/636343/1020232/1424659/963400/1410293/610441/388013/1553834/732024/860437/1491907/1325072/1182418/1567204/1421300/1271309/661101/1518007/693212/1313046/1186476/1492877/901183/1312101/966522/697361/505935/690780/607357/586364/675307/852112/916017/837386/609582/590402/1352546/714876/721927/706249/789751/850360/702376/802441/683896/515544/656582/680328/1208198/617555/920718/754488/581240/676913/943516/685343/439804/774888/614298/448080/933357/678223/563862/706963/704962/250375/741844/1020217/756960/693484
BuFWrgDVeis,247/251,1428902/389277/846604/121007/722496/514174/703027/265320/729358/415294/723005/219289/731070/201731/428100/351721/129621/692681/293398/959746/148738/483428/664382/447469/581643/111547/608014/386143/213547/465184/257993/344791/105183/300385/342131/405124/238297/481826/250195/328839/162235/429497/188781/452500/295941/605654/670172/154562/148982/575040/348966/350576/148387/427349/177895/421136/476295/476691/300897/145290/660029/674941/434615/142087/504363/130207/379742/334739/747372/225577/482835/285898/640012/270275/365092/287795/485828/201691
CC2kbrPpsnk,247/251,2129916/752065/1380490/781488/569823/1466714/1269382/1439243/1272999/1285451/1276745/1524027/725014/541270/1284677/728015/586275/1497220/567680/702293/1298743/1295539/1282443/690366/711218/572425/714055/591895/800092/777704/708522/736880/609172/735006/837868/590221/745687/557972/739306/785094/576066/764417/595835/687295/722201/607833/743174/595455/720910/733447/591879/789663/596003/811941/679659/514985/799864/681432/755588/778699
cgDwmxiJbZw,398/251,1849935/862179/1625964/226347/472489/212283/556426/391073/907529/719201/647817/238617/1198331/1060762/319141/443160/144602/562231/266668/818666/269361/1296741/1044762/839137/740641/655063/337733/604368/471800/496814/293786/790193/336952/891836/613001/857133/513625/857012/475589/349187/960772/283890/302548/328043/417522/506584/804316/527288/505347/643458/760108/838815/447005/675562/436448/415736/513587/329969/358448/629938/855101/302383/858807/157323/763982/690804/322297/689377/469020
cjaW3xBIGgA,398/251,1813061/720894/893062/517865/1416310/359816/988097/419880/1457215/440730/1376464/619387/1373173/925986/283920/1098128/1373743/491295/995250/1267618/847489/611237/1063949/642929/672086/1416266/395806/412304/561551/633546/600691/627293/377286/429756/343848/356073/470783/184403/406245/782137/573256/356410/850258/711290/247896/808742/434193/175166/810401/330031/775776/706240/843053/666665/244674/772384/517293/418310/264713/961268/712617/664990/682296/605776/627076/763998
Cwlovj3hcrU,247/251,3616363/1358381/5095125/2575337/1140825/1301542/2504269/2387685/2442476/1348631/1274479/1104198/2552759/1216935/1143286/2663541/1178430/2566643/4784289/4765974/4936579/5199063/5105024/4813227/4866816/4542162/4557433/5087887/5358916
cyHWg2Rr4Vg,247/251,524557/210904/250631/418672/47247/457615/47248/250788/252880/254928/511331/250668/251609/251349/247247/250152/252756/254914/503013/452785/47249/278596/224332/47249/223407/47249/206826/252330/47249/203257/47249/202775/47249/203877/47249/202704/47249/207219/254876/201730/47249/121649/47249/39688
d4wTNvPDUdY,247/251,782708/751488/739526/609177/557289/771081/633406/503588/823922/449236/725159/298071/137072/216706/97648/209078/97299/234669/87126/241230/212997/118271/233052/218654/203481/638689/118272/207218/213050/84935/310199/235579/91859/210484/101637/112596/190027/213932/93205/225561/106265/197569/101733/200154/57472
DDjGSA38mCU,398/251,911113/174198/140847/750624/1359240/540196/230493/550930/273966/698117/1365997/616918/414806/532229/145109/1287872/1295331/671431/512668/698711/887021/799142/644515/643740/433743/780901/886978/674818/998230/370035/149607/306975/117105/115017/281857/174851/343907/174309/374007/507209/219280/545536/219584/434300/524920/534344/568281/816962/273874/433315/493075/361670/403617/340394/318569/176295/954360/380488/424492/151871/290139/113627/372655/225795/463540/275333/275756/146736/339455/168015/326083/414388/172021
dDLU0blv2A8,247/251,3900778/2088836/833134/2975023/1131312/988753/3048233/920354/1034070/1947531/2027418/2122958/987535/1050643/4205764/1110372/957067/3140589/2168914/2187097/4330540/4538219/2121750/4340306/4603817/4079531/3987145/4066236/4203425/4224443/4269643
dfhq-VldbDI,247/251,1434790/823472/746984/858476/731131/844883/876647/1124256/1164420/782849/869583/769374/1060660/733450/941718/1635371/1014086/907785/935766/859506/1186715/681089/541666/491242/321411/481789/668712/864838/460818/699366/628181/372871/527553/454754/501354/656045/643365/758465/729494/596740/680666/473198/646216/474251/763612/645264/899307/867646/549279/600058/533300/885934/838289/824669/1041888
dg_7t9ea-po,247/251,673734/244883/716596/256856/783376/646112/504803/521294/1140285/1301696/1791677/627326/1573038/505473/639692/1716062/751881/1393520/635978/1770045/517549/701668/988572/1578813/3813825/4281471/2743182/2913084/2612840/2758642/2023038/3357559/3325212/3402613/1911414/136764
dKFG9trj8GU,398/251,1814272/1158208/769163/842042/118320/1059206/357779/811444/491000/933291/361595/195043/305913/523227/340811/71206/388327/153463/381872/139247/547258/150602/313390/118080/268022/137864/129685/354532/201772/253077/306571/166275/375865/338228/96324/275747/296749/122187/272180/162659/291111/79742/308402/307523/122543/335703/380932/85270/301370/276733/156262/307818/180220/285033/149354/328591/175671/344652/348163/125625/339656/306391/104300/169431/277042/162376/338833/411585
dLtnvZeH_jE,247/251,3124592/900731/927190/1042330/570838/644301/1280104/1220097/1039894/553568/430101/1864751/520839/1001155/1959198/1495887/533588/684708/1071528/1035129/1136160/2430297/2503706/1817075/2059852/3948908/1033485/4172954/4268864/3126695/1573639/803700
e-vqO6ONYEU,247/251,1942391/614976/1222/560037/627570/1048659/204174/611031/344631/692239/253047/220626/819028/330402/691650/643973/681574/432764/392228/663748/745568/810218/1232201/530962/946718/839270/922200/1005288/780412/746087/902204/638858/1028823/989292/1020315/879259/881879/563700/411114/1896947/602701
ErevFeZacU8,247/251,3079699/166510/1564511/1493007/1382575/1753866/1532753/1345589/1715705/1655128/1455942/1389928/1474150/1391942/1540355/734862/1351474/990532/1625691/599324/1597049/616822/1477632/838741/689635/818030/662808/781593/627549/835426/789590/843048/519898/743879/638959/824465/857890/731763/863942/609606/780625/586112/813131/531452/849460/624413/676302/467738/883472/831772/512671
EVLSLGCle6M,247/251,1403440/412134/522462/608481/490891/775739/370495/412454/609482/435331/491942/829755/374490/532298/346654/224056/921517/493834/356099/833842/549537/607533/417400/221560/737920/477455/577498/251278/469468/381262/282424/560524/388458/326976/208220/400974/264103/380725/321001/327173/346149/354543/301483/466942/305788/326407/431950/361059/341506/294029/350309/383924/399624/367901/417630/459035/824927/413321
EXzTeOvB_88,247/251,2374611/1221505/1184461/764761/1656264/1595083/1469866/1441502/1536168/1357432/1432819/1499135/1129217/873012/726257/1640673/932430/971071/1839463/1701227/1838938/1601444/770080/901964/704346/830565/919576/807057/863731/637278/853607/791631/784368/925926/736627/839461/830549/666698/766421/669422/786231/763373/618368/720779/837574/766565/628957/778350/630205/801150/744442/633316/573371/747763/674408/719796/814260/652977
f048_v2OJ4w,398/251,979982/1248844/823328/423585/365145/299864/325344/232470/26527/1704592/1140484/1600767/5055907/4213555/4431955/3098932/3579638/2526989/2086801/1426971/2935661
fd_UlFQ4_vk,247/251,1873291/1483965/793139/641479/515827/1352803/692422/1217225/635814/549278/513517/1144923/738640/453810/275154/1429284/664995/515223/653039/2841834/2983642/1679672/2387834/2604275/4138608/5487466/1165094/2874605/2512803/2558347
fOjR3rk4C18,398/251,3773661/3125794/2549730/1812574/1016041/592263/1069952/678208/1944268/710220/382169/1035224/2212426/1256893/1398688/1374597/872051/684195/364060/653650/972078/1137393/3887057/3377881/2748974/2192365/2195995/2349816/1961382/2934104/3587443/3723085
FutAkivuL_I,247/251,2826042/755554/597539/1137905/696059/934319/2030757/667451/520695/1941053/694226/930090/1867700/118936/1960869/381179/160357/1084242/591847/1639357/328169/202141/285564/550018/622783/527103/564841/510204/609453/375894/492957/512118/645972/359867/364568/164252/363624/285927/510487/564381/338734/544437/426472/204989/723422/147935/248749/509365/512280/659011/449358/667860/542205/655350/560886/547709/675208/585157/756933/598093/663583/410293
FVNKOOSVeqU,247/251,4520663/4141213/4271371/3952103/4478448/4252132/2415798/1750731/1195892/746671/3992610/3607672/4176103/4103289/3893948/3772984/3936001/3506010/3767834/4384183/4112690/3856461
fWIdZVMStxM,398/251,1763905/555621/307592/372291/554820/371764/392280/606315/114000/876304/909158/515073/1640003/613963/787349/549273/279701/779576/741364/1606947/550617/470056/868474/1153800/344544/524885/286311/670149/1182975/837486/664522/228620/718700/496251/1064005/341526/500383/339888/547549/453305/106235/232193/206825/290125/185199/765208/652203/507348/376673/402213/315995/937945/575166/468189/135319/126002/277325/168459
Gbp6PpvTihc,247/251,2211657/853419/886530/575350/1308523/732598/380043/880058/977640/760331/431363/1445404/1294162/1165765/751594/863476/1239843/1120448/656374/564102/893902/1464575/1171678/1654350/826004/571859/890548/902452/576390/719999/628522/707435/834592/539699/816750/665840/811460/565880/518763/473576/619838/819523/585303/797991/788052/662456/853527/580743/787818/693305/521938/735671/548055/876819/872096/792297/895677/711506/491865/1106214
GIcd8DBlw1Q,247/251,5351046/1209229/1222676/1300877/658217/495980/1221053/1217702/1451492/1299592/732197/627406/1624971/684184/1447497/2121323/5192188/4202455/4501500/5110316/5770166/4842463/4683150/4541971/4930683/4306571/3530949
GjSlsKFHahw,398/251,2186650/820095/859602/977741/1084938/956083/1005706/925828/312901/800735/357285/1283263/818786/2258657/955011/2092948/4501384/5335360/3385700/4290823/4385175/4408973/5344035/6319659/4783778/5904906/4287229
GvZJwJKM5gM,247/251,1550195/502596/709400/697815/573539/1294935/1167603/636332/1267568/561074/1260401/502220/557071/913482/362654/1588136/528413/446404/972216/502345/1183152/439183/902255/592137/610772/555673/308363/636457/394538/637935/506832/511264/515429/561748/409260/576013/498542/447894/594922/423285/493378/642572/366369/414483/270738/384732/539691/477161/508503/329266/473433/320205/575203/592718/514081/515077/397785/625688/672525/531259/699733/563415/817446/661025/514346
gxi6L_BOl2o,398/251,2888670/2625432/2625406/3210144/3114348/2562875/2236918/2685904/2998818/2213918/2555108/2606506/1972682/2547492/2663983/2242074
gY4QfQP2MQQ,247/251,3483783/2096990/800043/1733125/974747/1992498/933417/2607660/1221599/1403059/2574567/896660/2327008/668004/1223447/890759/1205569/1208827/2620241/1192864/1378357/1212988/2562952/1445721/1966793/1770449/1804000/1793473/1739766/1263907/1135477/1077000/1357682/1085547/1146289/1169982/1297034
Gz46muvNC5g,398/251,866642/508022/145703/2270841/983941/1468624/913570/931612/814374/779582/571546/1012499/1395505/393663/1502225/980118/860348/249426/1067928/849666/839627/205478/584086/258665/838415/591739/1415387/529765/535160/410349/452443/787281/583207/617123/479256/428540/511403/395217/313341/456233/451180/379486/335999/436606/257226/528596/302975/546839/489779/484554/590224/286266/421697/439340/519189/317847/230784/609441/426734/433811/381797/770779/290235/570503/841321/681767/189004/583846
hh9kFKVKpSM,398/251,1014095/324965/588484/378848/384456/753513/327287/467677/376413/558393/123026/687967/516652/527953/595348/195568/510011/314757/223802/518914/386265/399250/441999/347241/323535/142425/246654/198394/264301/153922/300157/68702/229107/169238/283403/60154/327091/188763/235562/111199/297577/235065/89481/243415/187043/366179/125115/338183/106567/263401/132928/261433/139903/442842/183848/236700/256484/263959/112349/282392/111730/262484/304765/129932
hqh_giVnCig,247/251,1694386/814396/367179/977862/764785/733469/472873/635292/529975/484466/497746/482163/673928/480511/490205/492752/487415/571587/634229/630767/464299/313965/145598/329574/148292/321706/271007/362873/172691/315083/299130/127864/319050/143769/379895/134653/285341/98329/283379/69235/240669/111390/309974/105666/268488/274522/89317/280715/113049/294308/100935/278731/102999/449493/254026/410072/237198/181923
HZ4JDKAfrFA,398/251,1288222/381453/367364/601303/240275/682715/1532145/555756/831459/390305/405544/588196/557253/209195/345827/175304/947967/3348008/3273857/2130096/1331161/1473948/1767592/731168/1063334/409255/474744/285468/454501/546385/176634/256593/250364/407357/353971/178939/415414/241183/374778/234553/563760
I3LXamuTJus,398/251,2098249/1833587/1304494/1570492/1432489/722171/326471/759844/480998/717582/340490/865792/807528/639721/579699/715292/450421/446235/407953/392714/228245/377641/197138/393749/319184/337736/366368/386026/472989/455863/174151/653543/773737/709783/552581/588271/353355/420646/496751/547347/662504/810845/680341/509806/347597/628270/785698/374464/487571/395167/652292/708220/62525/18283/20841/11926
I5RcT0FKUUw,247/251,2603986/3686020/3709040/2794486/3231362/2923575/3818855/3311965/3683527
iiZDumC1RvE,247/251,3790915/1017315/1066270/1925734/1034760/867087/1056598/904161/1039402/901240/1953901/1024181/911655/1917409/1889983/1039135/1900732/862943/2118105/856434/1023223/903591/1898504/1695619/3085071/3528015/3708670/4035618/3463963/3677642/3596958/2986314/4582123/3266098/3390910
IKqVCLWHRcw,247/251,469967/198329/200746/239058/38367/238529/238008/199787/38368/235029/198384/199025/38368/239643/241244/38368/237738/391247/38368/239629/244448/246309/250811/249127/264044/262631/225966/38368/226793/38368/223717/38368/238250/38368/233062/38368/209613/38369/221129/38369/219086/38369/208269/38369/201160/38369/193138/199884/38369/192739/38369/116392/38369/32511
IoakUeODUzM,247/251,2172627/140309/916066/1507284/1607482/1542973/1272163/1130684/1154820/1200786/1169905/1155126/1172441/1332803/1264205/1151982/1756248/887019/698088/1183497/1045444/1075869/684541/448873/749090/615544/670251/541830/670412/608604/674125/554876/718821/555704/399500/495637/388398/388519/405730/473286/375196/167950/13172/17812/13129/17897/13667/18022/14442/7430
iWMjIEQIeUY,247/251,1920302/660377/723781/598244/1387485/1359533/1158069/1187510/1127688/1365542/1318345/1527209/1231147/1220823/1320109/1533152/1381934/1259200/630176/366080/864983/643792/741909/550206/583428/440485/550438/581500/464026/705864/477117/475703/684138/558583/645983/571044/696149/767577/455745/824096/508575/761623/724904/647268/665866/537838/511546/468051/543985/568656/460064/519740/693317/618906/808572/581484/832561
jBsAKfcy7k0,398/251,2095093/1324312/659592/622874/385623/665544/757863/262936/472089/1108197/803206/398231/265111/717744/467868/834431/1318777/1147116/1064981/1515439/1439259/971092/960985/526043/416331/406229/839928/707025/658473/585611/680667/437120/472621/541217/345793/484145/471901/559624/709467/428494/337303/343048/369918/291495/445282/518284/380100/299692/459219/490383/1032523/486136/600143/300977/1122842/518568/468053/667040/266844
JLBOrqucXzY,398/251,480805/250967/600369/396265/403046/307396/295976/236310/105884/547136/229870/155156/288290/172823/543521/313472/463043/374753/1548040/418949/328538/426371/313566/322174/71509/88083/241270/429843/120019/263158/168584/261212/389402/53958/235467/120513/214779/100987/70749/252001/245325/143039/219123/60627/35949/200361/129644/394042/127692/321204/247953/33957/549017/305745/147276/237469/492386/210275/307070/205569/370328/276364/78526/211088/69600/91547/257002/185232/323247/137647
jm64yW1K2-0,247/251,2620258/1198189/1106334/1101483/1194681/1232513/854416/1547734/875187/1123237/2433404/1445757/930677/1187822/903663/1908468/803608/847840/1664899/1455230/4130727/4865936/4925021/5238859/4843869/4614559/3786658/4056898/4304250/3192186/4064328/3058448
JoUo5fB_ges,398/251,1174900/388941/614255/638047/386441/580256/267947/797729/639243/621544/556666/401721/256338/624253/682917/688418/702723/207987/621488/579250/400231/677679/411046/263907/325880/266638/409111/335859/209814/280083/409084/379195/202549/377897/282449/318449/213723/424627/287182/416738/446291/177276/426017/333697/400778/378439/164772/235696/414113/440861/243970/353796/277008/301276/302674/456183/382620/231690/396857/260096/364547/313555/260859
jUqXeFIvZKw,398/251,1220825/149004/520928/3433040/772306/1302459/1453749/1037225/1329560/668529/1172083/609196/1643397/192521/931425/426183/652449/581178/1909546/923269/666400/242479/1092174/788195/1814072/266672/760871/1095235/1182598/1642870/1786615/1791514/2173820/1423344/1854852/2070090/2551460
kD4JlewS1nA,398/251,1850717/1048328/278540/900047/602951/786269/331561/563501/402283/610579/707020/815812/1270461/1021610/1556175/1109452/685073/854167/401287/271983/328117/105652/598044/414315/554908/465857/108072/368820/151888/808753/891108/827150/714016/1199608/504248/818414/962456/549175/680203/871014/733837/482732/1193710/780202/1115449/425098/819651/708766/318210/579780/822280/791980/586766/1313849/562132/524482
kDVDPik7b5w,398/251,2743811/3326737/3389397/1326037/932620/541137/524162/987614/474256/1201669/831966/990089/505973/728949/530464/514774/537598/787570/660948/950395/576809/804780/647012/559552/412251/394922/272513/291985/401412/847652/427283/301459/511264/391022/568069/609861/541521/462194/510142/755761/687148/679226/471783/488099/646962/523936/427511/253046/610393/590475/482661/363251/488141/469229/135196/301917/561889/313392/831250/757426/629190/556537/634165/727849/616346/860932/575504/262259/652042
kOlMiq8CTWo,398/251,2477917/920650/568178/1430943/2770007/1323932/886331/576234/1560081/487420/3343143/615054/978834/446144/1968828/558859/1521902/1774571/938263/1991122/744990/574534/592391/629605/465946/1245636/767878/694338/655613/691100/760925/441112/1177289/619047/925496/1365924/1844584/536946/700118/805160/706478/767622/425310/821335/1391312/658210/1193275/1054274/715321/893620/697931/711130
kuB77-9bdsw,247/251,5026283/4964621/3042147/2094377/2953950/3295448/1910669/1973355/1029466/748529/2756050/1496473/2623233/4030634/4887662/3389584/2672558/1502196/2744385/3404864/3681777/2897480/828811
KY8Adi_P9ms,247/251,872941/677039/501226/742286/652220/204050/528777/857916/409352/919076/324458/567699/965352/189661/876146/355517/509394/754627/735912/856233/374307/543992/954173/475025/811936/327661/583797/297035/328046/269169/426395/191689/479036/154102/318014/156781/409826/158768/400218/316229/505285/192471/541995/277959/421635/175367/472098/158848/384150/126018/332130/305518/347673/243237/838750/638451/730438/352858/314208/317641/555249/327915/534634/493041/614766/737104
L2EkYhNjAsQ,247/251,2849055/3700149/3649076/2904013/2523836/3526556/3815527/4247469/3018648/3698436
LFZp7wC01Dg,398/251,1893458/489330/1259390/968272/780924/783727/886459/590983/300778/650531/846601/746496/839536/749507/973380/441760/882181/310860/779869/939966/801403/803280/756428/576460/397544/655989/195420/510402/304471/443656/194568/439327/259191/399867/200603/385681/280774/418527/285171/541731/397999/653448/191137/503758/321200/506432/274235/548611/379858/541683/275710/483823/288727/453945/221860/478238/307513/391059/369631/503584/343715/347536/442075/262402/490656/442656/209891
lkWtkrnDito,247/251,2869659/1354816/2339843/1169933/1457249/653144/2063629/1412450/914129/718269/1481970/1322871/436575/1225811/654638/1182695/798774/1078987/1086437/1538295/920792/2730818/2315154/3770143/3459150/3594990/3396805/3740970/3182112/3261102/2683341
LLj3Ki644qM,398/251,3546863/153660/1427584/883681/738788/2196630/1597119/742391/2170809/1418342/1589691/860496/783239/1434450/587100/1022176/1442325/798539/829432/877203/1753880/1590592/3190919/3637755/3065971/3531579/3697149/3128492/3234355/3001553/2724869/3124820/2879768/2806950
lu8TFWzo0NU,247/251,2395465/1900936/1158679/2703121/1993359/1011811/442233/1133413/883110/806162/950464/2307161/1730916/797932/1253477/476889/603984/1089983/488248/1085643/573106/434822/1076009/619011/1068423/459033/1117721/668040/488823/710677/506419/1308682/431479/1446881/399535/747202/1261279/437389/578164/466337/632884/386000/759380/475821/652292/653803/799969/578068/763088/663401/703152/605955/771092/603719/740289/598826/726987/599471/739821/584787/755279/611656/750473/634133
lxQxgSBhAVo,247/251,2910443/642049/942180/1036196/527570/1348263/575568/1044895/488382/1148357/1153744/514936/1394260/451973/1199864/1307426/1196457/1101826/1134540/1606303/912578/1295492/2901374/3574107/3462461/3665504/3480941/2481979/3363006/3042086/3281941/2617089
MbBr3GgCHy8,398/251,643154/354238/474164/133366/289408/316892/292452/141779/419680/372335/493397/155295/434333/384919/586990/586242/184070/313732/385369/320774/260944/351134/533332/364348/446719/381284/162453/279175/136523/219259/90977/244117/118855/233906/190922/81694/210261/123663/296949/244375/289601/483044/173751/257863/106374/203425/73862/250887/242559/74545/91345/210282/247489/167400/207197/80734/240109/230981/115642/210510/68226/231574/102329/246240/231758
Mf7VdGSwBpo,247/251,534719/705559/755060/876048/360370/857618/711073/165400/816413/888024/909900
mgUx0YJTkuI,398/251,2924559/2626157/1354725/635366/1236283/870331/1715858/1430495/1450444/744155/1410944/720745/1423215/895450/1586137/886769/1763173/889169/793003/560902/945805/883185/669084/939908/609156/908608/985200/476762/769418/425631/748562/868508/827376/850684/877019/895400/635769/770370/654132/810036/773656/669062/785940/766186/780839/860407/840229/748745/781522/747823/864048/814716/612971/842797/736577/805546/2398544/766490/404953/685497
miQA5HANcSQ,247/251,1864338/526619/854280/516393/1049736/1052842/1290494/413406/992430/296486/867875/1108935/761581/570752/1014324/1649202/1419551/602264/570825/487388/1059982/694524/1600442/1439144/899421/820768/538470/710456/396506/735252/219891/554769/702163/592478/731715/552803/724261/807375/581501/834986/575775/757166/491807/478704/701239/583844/733018/623624/871994/624439/437101/659464/873215/893935/637067/580389/694840/708921/543841/846047/765534
mUbSQc4ZH5A,398/251,845650/161647/571522/716495/529372/384569/485289/449300/212496/491332/559756/423528/88291/338373/500905/103462/516030/366249/441499/440273/483073/247366/134294/637466/73304/377308/107930/253498/101844/216636/35675/181775/217556/178271/250604/76070/289071/182029/197036/249925/119460/210021/265380/352100/95993/212534/95813/39837/156565/70327/174145/108188/283172/235474/143233/211653/109894/160892/77364/217427/222590/38082/50123/190403/37621/311966/99676/287193/55164
MYqIP9DRmRo,247/251,1434218/1642791/1012002/179598/475231/96967/334962/683222/353878/685689/259176/572032/163528/949396/299745/409831/268062/823787/678538/776044/848268/573278/460983/144881/327793/121178/161734/313774/297060/130101/157531/294269/172904/340156/132230/360346/197786/127482/475425/419583/384700/343856/251910/352487/181821/565340/305405/452408/103490/173210/275332/414502/350739/220577/290829/402927/246123/422142/284472/474590/321271/379286/143559/324398/262621/704700/305408/110237/154637/351031/328623/132736/168316
NFQo1zxYeHo,247/251,1954100/1142283/1048198/623431/1483331/940413/853472/743210/1391684/1491639/683273/1510652/849359/705316/1553109/613752/842449/1442067/596088/1813752/850601/1466655/800231/776205/1594776/732471/1715523/917668/860025/695497/946748/876795/684374/701741/663426/773695/729056/813522/794673/639886/853320/679903/738955/822821/793364/772639/684662/810634/925194/669903/788074/791703/851242/824396/773611/855607/386862
Nh9LfU9TQMw,247/251,1317139/310135/955149/725185/1078768/576014/456537/1066053/1018625/401239/1003255/1232031/669487/1265375/758015/435645/782757/931187/787277/309482/548887/1024244/510963/582321/492343/732025/510888/536335/455434/611920/765599/641793/619507/491604/738621/745719/650464/641276/623624/650817/680527/665629/797434/528846/783709/795389/671169/628660/416718/269142/822492/615978/690390/593778/882255/775378/559854/282742/497407
nQfZ-UxAepE,398/251,3773192/1130793/1696592/1066004/2856397/899466/1159943/1548127/1547315/1040030/981329/889982/965008/898940/294881/854599/814366/537200/1539375/1904319/1169935/1169989/3449621/4863509/3836736/3686782/4406809/3082831/3470073/3884765/1896442/2157886/2861501
NwmeBUYkiGc,398/251,2857902/1487507/806726/1909176/1107288/805111/928770/686624/752485/545404/1416929/1134704/691129/978047/1942922/2329695/2196157/2325082/2324782/894306/647942/601324/1124224/1876635/844906/148323/1278167/868530/505299/805817/478313/528244/661111/966840/754494/1013166/694960/558624/442387/1225492/1130114/602388/1076866/948359/413344/689114/731237/749392/471301/763767/1229875/1735577
oGsqoA8EDkg,398/251,2843859/3280046/2391696/2623988/2846215/3367425/2157139/656877/435533/789364/634902/488694/1356808/932276/643912/583924/319318/693406/522166/616955/484292/301638/685465/426346/487505/328566/764649/532017/679396/856819/795746/558254/838744/671903/763418/652879/563296/649418/642624/634947/780711/567667/618896/710966/561561/635170/770543/643015/726866/599895/559667/566407/240510/748745
OPaHN5pIwyM,247/251,1891921/560315/558532/822131/377726/544359/772774/433145/366480/839724/128169/1199268/640773/1088972/445090/533577/266329/1154386/385805/314942/799730/399432/1051843/526803/1113224/224432/482140/337933/853936/592590/413586/387465/173841/1005903/745992/785978/562670/547691/354455/477140/445657/351082/379798/564909/477068/600351/444180/587918/482350/852845/412608/639262/493080/536237/615749/843189/475946/105455
p-6A9D7RD-E,247/251,1810669/785722/433967/516871/645689/773461/826578/464692/1192983/486255/1349433/1205808/498098/704933/1691296/767855/850230/1152411/1287456/617124/680556/690061/1029093/1401013/766757/550709/1253578/2388146/2380783/1161868/561559/2334364/2683878/2180584/2335160/2453156/609505
P5C61WGoAWM,247/251,3203511/921912/1071369/1559597/839802/1609910/917384/754653/1040687/772676/629570/827101/1581265/676163/909064/168351/725994/703690/548323/737183/496342/525757/695573/427867/582371/625253/563863/746073/623567/699678/421204/727083/577044/751142/852529/597647/664315/444558/411275/431481/721000/763695/543765/586729/421273/880008/612470/537798/511115/863886/799347/785165/954493/722509/591955/182596/798054/748396/606887/536350/265743/674214
P6rJJ8mJxDo,398/251,3008166/1129341/506561/1704446/917452/306934/901773/547523/709007/1523814/1187383/727917/1846360/805471/655836/1841466/906763/827535/872542/649749/2012603/1697900/361568/824006/726092/825391/1598785/586468/1405753/692481/1279189/512217/779448/961856/650849/696495/1196820/1129234/956940/851241/766949/721911/932049/766326/1292951/699676/844792/739535/928889/608376/818267/777942/830411/655365/1072853/611248/566979/902592/987460/764511/825185/771290/574658/840483/541006/967505/911732
PelbeSGusHY,247/251,1025866/240300/967091/458143/438810/458624/281862/580315/304623/595998/441426/647244/810468/477924/613230/638078/1204772/676968/539957/581283/303294/365157/668542/475841/120824/457317/152831/304313/412396/324219/179196/539681/133648/287154/138064/290591/298246/538413/397297/424254/334745/423119/303392/303569/143032/303253/145180/344698/317274/477970/243355/541827/313866/300526/279524/282174/301711/439218/295231/437390/150542/307982/331544/286698/125862/429648/156679
pgOjePoGLxI,247/251,1637495/511764/1172649/523888/857201/547528/1023586/532322/891739/1423717/549403/420848/1128659/461949/1045345/365814/1332728/487979/836001/931549/882830/861836/950232/455583/856404/748095/241512/1047200/559356/410972/611828/389810/830442/357311/695977/251643/585685/347823/501478/343818/426030/338757/484785/361136/484969/442063/530742/343540/509869/580610/547260/614663/595161/352484/479837/405010/499884/378295/544903/368898/531583/340957/530801/388032/756626/290452/631747/511481/525881/415186
PiuC6lGN-HY,247/251,1618386/1541850/3914528/2432916/2568806/1822832/2271041/2199342/2141327
plXjcOOVVWQ,247/251,2720800/791244/1409078/1188366/660882/1204105/717526/629211/1396857/514100/826974/1216260/433006/1137682/1144946/1078439/654970/1107695/641153/441647/1107969/638507/1085909/469342/1186721/697750/666514/439774/716429/524384/722140/523989/638716/458007/711176/512177/697554/492724/628682/659423/455861/637192/459274/628218/435078/655200/458988/649873/463364/661155/323979/497068/528564/290512/491262/215188/682219/561237/733846/564381/768794/515020/799099/591032/730589/550838/781197/771987/559394/720144/545757/770947/640440/796035/568297
PUUUB6m6QOA,398/251,2069138/540334/638974/1434211/725924/1220569/662969/661346/865780/1438440/624385/1385541/426676/779157/899937/743860/1619373/980847/590083/352600/1278092/547841/763778/1082974/738381/854278/1091586/600854/448823/515827/457199/492265/447363/351145/388547/279278/422549/253769/466412/262064/444860/406107/425457/286386/542774/314607/406158/427842/564490/260041/412121/280741/363921/259143/317323/306030/511511/414615/473853/443542/297211/510133/537090/477933/783616/762981/459133/372411
Q7g3VOpk17U,398/251,1502609/125161/467638/234073/624488/627109/321431/836044/915193/576992/1204186/429582/1146800/587496/910054/726479/835307/151603/459150/491557/247301/759421/867933/514421/459423/876683/534955/538353/38375/562860/415636/538146/485497/306636/240823/317796/620948/428783/108380/576649/266638/319658/249920/513942/229713/387622/520510/244360/420187/462603/259374/298184/391132/391200/328494/280604/229314/352537/404971/392009/219533/467381/265936/399986/319870/466611/315236/496016/408572
qDCom_qKVAM,398/251,1955852/535035/341215/243165/827714/698179/427948/906605/359274/551553/430653/174011/525608/670172/957824/509111/791708/188557/901111/426555/435878/348351/1035435/839481/277525/342521/581670/441548/253859/549736/288426/227382/474574/132351/382408/487332/414800/476894/408146/518898/379616/332691/447077/489663/448646/155180/357890/268630/656951/269257/400504/277721/642981/347808/517235/225703/444507/309546/505239/334973/399548/462148/594108/318543/385291/280319/628285/276099/420776/114357/524665/198450/355414
QQ4fkpXcHLs,398/251,2387673/470641/1114276/1253549/1295146/1238497/1947084/1894605/1480969/2083889/2083443/1224608/619484/1131458/816726/711515/336830/587424/320740/605880/328999/632759/533498/703461/641978/316575/653854/370070/591358/309133/675965/336629/690115/466390/413568/319456/626904/286980/542589/125660/356232/625881/522528/546221/500340/715594/576819/680360/349702/657346/547067/482140/287374/574445/321841/642523/347781
qSH_vuQkSZs,398/251,2523571/1089742/852447/515140/1803918/634131/669209/647410/793113/740124/1862124/950123/642797/484397/1003424/963334/1012032/1585361/847959/966873/1678210/777211/705683/1696379/882435/1637854/850828/1068380/1618393/1934507/1608296/1567179/1888808/1606073/1607188/1807220/1870812/1460078/1431331/1984289/310606
qWKS3nuLMbk,398/251,2079477/1076601/728468/597508/2552557/2593074/2230475/1816216/1243022/127242/433701/1530876/1389762/1511792/2369183/2500667/936411/678787/835819/1857120/2840349/586378/212515/2971093/2850508/2031096/974340/1524902/820206/1515862/4110107/3547322/2509329
qxF89nYqRnk,247/251,3759935/2074291/994185/1177576/975068/3517337/2503531/3314061/2298204/989098/1164068/2022262/1071283/844234/751094/3830852/1924956/3899364/4741017/4552961/4853179/4557977/4181689/4885648/4233976/4033551/526826
qytIFulKNJI,247/251,1922111/1356662/747481/504553/274448/1382612/466683/1371226/562935/795579/744544/1147662/945109/1084793/370316/1913102/2518004/2136090/2512568/1881306/1920913/2144647/1979414/2400675/438098/1621688/615108/323134/773174/582703/1179069/621682/719980/340605/554511/384212/646926
rivpk41tDno,247/251,2921358/929506/685772/1491317/796434/1444584/822570/3008292/816389/2972558/801220/807369/2181323/813172/1492083/1484277/804638/684621/2314837/827591/1517958/820423/691533/1457677/823822/682498/809242/895444/773117/1725126/1552748/1609671/847882/761638/856724/719861/852985/725603/840407/837496/1580065/1595271/837162/761492/830063/707727/826339/849243
rKmcjTgoRIs,247/251,3984989/1640097/656712/2100724/3758491/839435/860226/1671081/2932304/883317/833668/1394985/1879344/1777716/1831301/990946/1480965/2529962/1011141/2762579/3552004/626369/3490040/2678090/2823270/3027265/2870832/3018338/2765595/2467969/1612080
rlV3pcHv3Sk,247/251,2520114/767598/1518826/882966/1488679/1439187/1388900/1611439/592145/1352483/764722/1583793/902896/1433343/1573444/887209/1649320/753996/1524861/767371/557522/1343838/745756/555096/804409/604127/943143/752676/582454/748187/610515/784760/943913/817407/740063/753805/597430/789105/596150/754724/753588/583745/884611/843320/662410/825667/692027/742860/612703/778395/873772/719122/739259/742317/574931/783455/569800/753665/695726/606111
RRb6xcfAzwc,247/251,2941468/3027337/2936363/3090585/3532625/2005851/2474243/429143/467177/507982/532664/500273/611169/537486/611593/363399/666817/476688/538464/447080/614592/448110/436941/321189/568976/515366/630743/491238/602536/446011/569601/453131/618871/457783/590227/422440/425161/553778/353908/526996/444907/536796/403068/578831/454674/598584/541454/586848/481254/601488/537218/630729/530835/632626/468142/585589/470454/574774/464422/550512/690171/519619/714095/509136
RtwTXn8_axA,247/251,4168125/1035208/1907785/1910982/798083/1789086/909701/801432/886613/2069029/843947/905306/561794/1463880/796194/2256537/570300/999270/945268/3835029/1562505/2710808/2502632/2347958/3268425/4079917/4345958/2774608/2654844/3120515/918496
s5PmloVqAhA,247/251,2017969/170918/1009147/894674/391159/1221001/391215/994478/979839/610020/1054113/455958/1069795/625929/430516/1108215/381954/932772/595357/1050239/462005/605550/412126/1168163/420887/908236/884452/496237/210257/576030/416546/617915/398624/621990/379098/530293/362971/567560/609964/431439/556815/436679/539029/395347/610145/450056/585609/458085/624339/454996/635633/450941/592596/540838/388732/530696/390457/574611/434001/609904/443954/619846/430002/571578/426854/584926/413100/533716
sG0dWAPUX3A,398/251,2843011/588935/1722459/949135/1863930/231738/1088724/1339770/2339250/867829/431547/2049284/2342048/358470/876759/537398/1395662/627232/1113106/1726024/1738918/723067/1344111/724780/817150/1055601/296371/417880/309728/677945/793701/128667/395492/1316457/1185293/1474026/598585/589439/737488/670053/1374257/1096288/1184662/1103186/1114199
sGxhO1CB5hM,247/251,2672993/827101/660890/847027/510500/1259209/974063/2947933/2827733/3150648/2943748/2526945/3150799/3241574/2755489/2646899
sIxFf-4VYJo,247/251,4007015/3527337/4962031/4196255/3658849/3813377/2689770/3519149/4722330/4420871/5037389/3965369/4574594/3519325/3957898/3850661/2973303
sK310AfLkZc,247/251,1960466/527903/871965/485921/868820/1125572/596136/660660/1011593/504599/1180989/730827/518788/503305/649809/470028/166689/435081/279509/623949/556525/438895/583158/910763/1407440/168517/456412/301979/166646/382989/245531/412338/465238/489608/173943/275712/166640/331315/139409/307665/239425/386007/265574/282899/153702/278777/130731/272238/163909/291999/294399/407389/264114/317241/318495/342133/252887/376344/288158/378168/145873/266579/205883/389707/265721/373527/228355/361266/148439/270760
sU4fK1u_ifE,398/251,1850575/770452/1426958/1764354/1156788/739000/316410/854706/544099/889565/591412/879895/435350/393019/195804/511829/396526/871246/1355985/995434/915341/379781/694083/377561/1043026/770891/846012/866292/952468/799398/825854/782144/711726/610959/448507/190404/358704/169126/317638/154546/1036210/764829/453680/290885/485038/354358/322426/270397/113653/209297/314044/561995/685134/272276/173297/248920/203597/373584/514230/557775/371494/106896/151823/305613/151141/176163
Sv-C9dk7iHE,398/251,1666824/799086/1470223/1025494/665863/1138106/410109/1234714/760852/2328148/964614/619469/900142/913690/625763/501910/441984/903780/1186020/967822/922009/210987/741299/364493/896159/1392078/1307707/870195/690983/303627/691712/626469/1094595/1073110/895063/1183809/977730/687945/440126/1102798/867493/1114126/808424/781536/1145632/1044308
sZXYk2cfQIs,398/251,1997007/669065/895816/353785/564893/252200/943094/633382/663430/579206/966940/813446/969363/210325/862562/458926/476530/405469/788967/446031/385852/461425/349162/205887/463714/487509/290095/187084/237069/387407/332713/439272/489026/452733/258116/404824/313516/312219/273261/490219/132416/247424/230687/314984/289679/300751/246157/236616/186070/535569/298961/484006/519618/478914/487583/437827/391081/565457/465449/273104/670135/311296/452893/201456/639298/288452
TR_CyKwhArI,398/251,1482175/166636/36517/385966/233360/22657/745482/687700/462435/1643735/1577335/572311/439638/257512/375817/962493/469021/604113/893967/3479274/2258056/1114965/644053/1558704/827031/440859/1218869/1255600/1050040/935431/1267148/1367364
TSTQrvVkQvM,247/251,2746687/2800261/3005571/3074853/3801009
TuavVCGg82c,247/251,2379124/3184015/2973786/2856887/2470332/2843358/3124296/3123954/1970506/2152569/2196891/1267014/1149415/484354/555249/507695/654571/668041/550864/656206/537559/664576/445663/583397/476810/589032/470346/471062/422460/493417/555076/628673/473790/618916/661388/567242/624516/492252/490218/623228/691131
UAcuBD2bDag,398/251,2758644/582425/1217314/630213/1344914/1085127/666179/1237638/791064/1762267/847248/531945/1391024/695586/1470120/761197/765112/2100242/624916/439339/1119160/462567/365843/1004491/593520/1251975/868679/661229/1244152/817288/382792/285936/749277/1065065/775730/1058382/639915/583916/872638/686110/857898/702739/680844/1265194/1017570/728771/741130/646348/971470/1347172/862689/895851/965671/1376049/1157151/832559/1230909/977553/1504250/1522231
UFl7XQvoTws,247/251,2302382/2302033/1566215/1519668/811928/715497/2009644/2177630/1854639/2192537/3106155
ug4GdR_orrM,247/251,2757249/1521415/1271022/584165/2800886/2003205/1387045/1384017/660110/1313622/2168189/1859580/2728737/1924920/1287891/850630/2805786/1294068/892152/720041/846224/755754/813150/708197/849352/728863/792589/711128/853109/736855/848204/572411/764001/585570/722353/606334/778946/675567/799158/593876/719918/536012/723386/559057/804300/573461/739739/513714/686313/575864/830325/634259/786488/636375/797713/635508/849100/732508/781918/574558/786696/588803/755782/723967/872027/630561/721652/625826
ujTy1OnyT-Y,398/251,2491024/1540540/1681371/2998612
uODM_klkry4,398/251,1215413/159913/676886/949432/337614/1361483/740394/304021/849689/545055/384030/451385/570744/862951/214026/1149161/259344/501898/563977/685672/331785/451845/454415/488367/1054473/1356196/1307895/703972/621250/1232544/665823/666738/638344/395423/174383/317360/195636/342021/274601/625914/583672/621364/585898/268415/143545/313253/435335/416021/374699/348996/202886/457367/398411/621334/193199/134109/360827/268136/283742/546244/373651/478424
UOo-EDoTsZs,398/251,2556518/1669341/201019/23980/568991/1454154/1520624/845564/415449/186504/623787/297683/935919/824739/556581/1135945/406911/1557361/516390/401766/1247799/462759/601777/1084982/428120/1256836/175797/432123/800721/473950/685750/702533/716313/345361/579236/656351/1113093/524148/755605/670251/663315/514513/694529/672076/909270/564424/617312/489944/638814/454334/585885/674112/554445/743375/685471/419578/395654/329499/455790/606143/854201/513867/849682/321958/707502/364038/821736/468873/457705/241972/483665/311291/757672
v5j80m2trbs,247/251,2180158/729531/1345333/790741/1384603/607609/1530637/600545/749885/1331953/593795/1402037/753352/1954191/1322592/617719/1235463/688035/1253343/1248299/559591/1262847/699695/1249463/682585/554410/539402/715826/715475/541471/704576/550009/706969/541355/692322/544085/704647/535269/687586/700425/507420/693345/547945/704665/535134/675749/537101/697683/522925/687813/521076/562072/161158
vlf1I0vGTpQ,247/251,1669332/1833426/1356605/1838179/1858923/542486/2033909/1314563/998278/1029797/982901/290413/868355/602859/1077755/321759/856207/666366/1845981/357655/597375/2833230/1603844/1676516/2215211/1577068/1906175/807928/2352818/2273473/1257662
vLHqa8sQMDQ,247/251,2460351/717992/607670/507873/503562/913352/302542/990798/543866/1183058/2007001/1128158/965609/780013/993743/720789/2222547/1965380/2170425/2243852/1384739/664129/1009940/562803/3121815/399956/2140341/957425/1864962/1704064/1634038/1068272/857651/931475/758990/1115927/1679801/1662194/1802824/977613/119578
WN8kcxDSJbw,398/251,1273738/403669/533834/319938/164552/628518/424577/167391/576301/336081/775044/646582/715065/114973/581336/592888/202154/647136/931370/294255/416762/701033/853665/937643/865463/350920/343146/174947/318317/141606/408409/154193/293325/425216/577455/249421/201771/491948/252798/352989/430482/273289/180324/277978/418589/278391/311457/334292/303282/389602/261870/499871/280441/289286/431662/360605/306408/200059/365444/175979/404262/256385/463030/344295/719611
wNwGUEVjQaw,247/251,2655988/2613433/2943087/3082182/2634534/3187806/2989106/2054688/836749/562982/680895/541225/764236/765406/718169/652223/500161/669502/522018/764388/836898/929537/741630/902792/709829/819279/759297/843156/754063/658679/482145/421735/887324/506436/501416/503330/655740/502261/673489/511456/670597/432457/525900/390066/527671/447017/430836/599668/547830/657321/464156/632948/465577/723634/347925/391586/272807/363224
XCPFKEiO5Tk,247/251,1582551/565372/1010481/1024569/608143/720978/855786/1081750/675151/938815/1114523/907328/395056/168195/469482/1117066/1584656/1299212/1062937/1345595/697912/526130/513539/116239/255636/682451/501530/585428/643223/728690/483296/566197/480388/323555/468938/503682/669362/611858/434066/348853/344347/239234/330217/437934/838021/563370/378644/714015/473645/346363/168526/779696/741051/379524/421759/571428/627371
xFUPrZkQgPA,247/251,1218/1905001/122404/756932/972896/1263689/1087322/1037796/516658/386033/1077155/624265/449656/1201381/1053123/1154663/1055957/1253150/1073529/1014645/960102/590562/543926/592935/430171/570761/471289/603431/583079/389973/615794/538151/613459/622551/491900/571714/444094/404213/557913/443162/1232/1213
xQCsdGfbZBM,398/251,4692568/2836072/641571/942161/2579500/1110988/2143530/2117474/906355/587046/1514695/903312/1324036/2211962/535622/1340521/949337/2414958/2227010/3508364/4996325/5349355/4366427/4754981/5070560/5249312/3581184/4550180/5688896/1801663
xrsMm2R21-8,398/251,870996/396429/94486/478091/2255382/1054124/613654/68530/613934/225227/371380/874503/211396/871212/39445/625235/224306/517496/626771/1191687/1202479/952244/226162/184403/867436/846765/1929638/361832/496493/726008/819277/680334/783426
xzuq1MP5Jsk,398/251,3992766/3992766/4418379/3902153/3466694/3595199/2081076/1978896/1265319/677510/1245682/928445/2264668/3373982/3042183/3810613/2455694/2702260/3140446/2888466/3204643/3214650/2671019/2674610/2943012/2483354/2785907
YOnrQf90GGU,247/251,1348043/409701/782421/634547/686742/295560/948150/570806/580720/713599/866804/523435/325426/738699/513780/194588/755222/719474/565761/640887/859005/335278/450585/421726/608411/241918/675538/503387/137606/316063/332428/289144/142983/293273/310507/478621/396448/499953/244324/477730/347436/611388/418645/298580/272132/296177/128359/271738/333402/429207/97414/249663/101589/398042/130319/288776/365816/330499/420557/337019/338603/320388/170654/292356/343193/442775/94013/270009/106115/253489/95480
YSZxMhi_eyM,247/251,3538172/3538172/3538172/4195115/3747781/3743339/2940640/3789313/4035672/3412825/1565938/3267953/3645018/3223406/3246543/2700356/3474047/2910044/3305394/2932812/2866754/2980672
yY2tYQ1-auE,247/251,1109351/366121/458305/515816/599291/832203/415966/608529/685189/435864/510336/363770/101535/503725/297222/265663/426737/545507/494778/437142/757591/102554/452022/307977/218608/385540/279415/302456/251273/549513/353438/422715/118275/350081/423408/201998/447902/103266/129881/445772/352508/207479/447953/116939/346288/279921/446330/211769/296614/177304/386604/480834/203589/471472/113297/114869/350144/315137/154133/370859/135618/326264/162334/357327/337042/278169/317886/211091
z-ZzetmQss4,247/251,2162467/686727/1598723/918718/1507790/730566/1394432/1195744/957198/989172/951919/956498/1179332/803945/1971684/694838/894240/505822/915545/853474/1070177/466449/1190131/1454823/1690574/1763164/1269664/1429356/1230166/1201584/1602328/775258/942190/956939/831868/1130369/1222623/1341218/1264454/1341587/1348210/1186752/1157649/1235177
z9bXfrAFkww,136/251,2864629/847614/1336588/1331127/1338077/1520018/1590485/1341328/1348339/1406313/1460649/1437533/1337291/741337/1358411/606828/1341110/715522/1348026/775285/1233152/1614050/648545/753348/601383/739138/611144/740058/616314/716879/626012/726709/615967/726631/606918/738861/601888/762563/855973/656086/742805/672199/730562/619039/729397/618900/718288/622937/716752/619508/738855/772222/593121/842542/670506/747853/668424/739481/609875/731325/609274/726072/629487
zbb41CAteJY,247/251,4193933/2996496/2121417/3622852/2540399/1183265/577487/3136800/4317538/2829421/3465111/4728200/3536407/1996335/2091968/3166706/5243940/2043216/4091540
Zf715NZqPf8,247/251,2906017/2906017/3229251/2879411/2768624/1364100/749340/609051/1514740/614942/1359123/759791/753716/623558/1430309/146064/612544/778865/613094/769058/745594/617623/766185/596769/764204/737850/606267/795744/2640965/2922522/2503748/2851506/809998/598991/755191/766635/590444/752766/612556/760249/775716/837863/805756/621547/577538/222509
zf9CAoUAyTU,398/251,2403947/2887266/1357827/832124/554402/968091/618446/690201/395100/1328716/837443/591635/1209632/227178/539756/1117795/1284057/623563/557628/1354316/1024534/1262915/669851/543815/1170610/404223/589656/720707/641383/388542/811293/402406/692336/488448/798419/723000/692723/511202/814168/800042/536648/774066/586165/590951/578368/501123/800936/740219/537947/819325/643320/491676/464980/631987/927903/717758/720638/641490/737807/714670/715881/735304/797202/544590/772186/421913/599046
zwG_l2S937M,247/251,1357622/506332/148398/753931/575054/518243/820916/555541/514922/457015/582073/438851/307540/827892/286917/665168/225707/260849/502393/624910/606648/1008040/772181/288102/457003/389981/405664/494227/268697/398453/241785/500290/311891/598363/564510/472426/595554/614942/595369/523427/360806/501154/529616/324796/619350/482300/531725/233882/120120
_M-vyKuOSA8,247/251,2430028/708907/1143680/1230130/1103978/788430/1120096/667017/1080059/1258211/1460153/1441776/1296374/781547/1497339/594629/842151/534704/1012105/1201085/1030223/1027485/1347239/998240/1208042/1040297/974139/1044374/1213425/1146682/1073685/968992/1111889/1088139/1116402/984116/1301001/1325835/1336700/1192584/1346678/1300673/1425634/849262
_YEczgwDwEA,247/251,1794911/2115685/2475145/1920222/1788813/1584129/741915/478610/1072904/852884/912546/843470/1038048/771247/513451/945070/543034/746684/264689/368867/579513/656330/558370/729700/369165/658558/544027/563761/377342/619286/355300/396594/522034/396362/421185/511096/776754/468335/623449/343117/680891/327420/670500/673641/236974/643867/348040/590576/375537/485660/545148/758967/436896/652642/681388/376683/543514
